﻿<ns0:DataModelInfo xmlns:ns0="http://schemas.qualisystems.com/ResourceManagement/DataModelSchema.xsd">
  <ns0:Attributes>
    <ns0:AttributeInfo DefaultValue="" Description="vCenter VM to use in the VM creation. Should include the full path and the vm name, for example QualiFolder/VM121" IsReadOnly="false" Name="vCenter VM" Type="String">
      <ns0:Rules>
        <ns0:Rule Name="Configuration" />
        <ns0:Rule Name="Setting" />
      </ns0:Rules>
    </ns0:AttributeInfo>
    <ns0:AttributeInfo DefaultValue="" Description="The vCenter resource name in CloudShell." IsReadOnly="false" Name="vCenter Name" Type="String">
      <ns0:Rules>
        <ns0:Rule Name="Configuration" />
        <ns0:Rule Name="Setting" />
      </ns0:Rules>
    </ns0:AttributeInfo>
  </ns0:Attributes>
  <ns0:ResourceFamilies>
    <ns0:ResourceFamily Description="" IsSearchable="true" Name="Generic App Family" ResourceType="Application" IsLockedByDefault="true">
      <ns0:AttachedAttributes>
      </ns0:AttachedAttributes>
      <ns0:AttributeValues>
      </ns0:AttributeValues>
      <ns0:Models>
        <ns0:ResourceModel Description="" Name="vCenter Static VM" SupportsConcurrentCommands="false">
          <ns0:AttachedAttributes >
            <ns0:AttachedAttribute IsLocal="true" IsOverridable="true" Name="vCenter Name" UserInput="true">
              <ns0:AllowedValues />
            </ns0:AttachedAttribute>
            <ns0:AttachedAttribute IsLocal="true" IsOverridable="true" Name="vCenter VM" UserInput="true">
              <ns0:AllowedValues />
            </ns0:AttachedAttribute>
            <ns0:AttachedAttribute IsLocal="true" IsOverridable="true" Name="Auto Power Off" UserInput="false">
              <ns0:AllowedValues />
            </ns0:AttachedAttribute>                        
          </ns0:AttachedAttributes>
          <ns0:AttributeValues>            		
          </ns0:AttributeValues>
          <ns0:ParentModels />
          <ns0:Drivers>
            <ns0:DriverName>vCenter Static VM Autoload</ns0:DriverName>
          </ns0:Drivers>
          <ns0:Scripts>
          </ns0:Scripts>
        </ns0:ResourceModel>
      </ns0:Models>
      <ns0:Categories />
    </ns0:ResourceFamily>
  </ns0:ResourceFamilies>
  <ns0:DriverDescriptors>
    <ns0:DriverDescriptor DriverType="PythonDriver" Name="vCenter Static VM Autoload" />
  </ns0:DriverDescriptors>
</ns0:DataModelInfo>